Instance,Configuration,Seed,Target,BestSol,TimeMS,Iteration
instance_n010_sd02_0,PP2,0,null,19,346,0
instance_n010_sd02_0,PP4,0,null,19,341,0
instance_n010_sd02_0,PP3,0,null,19,341,0
instance_n010_sd02_0,PP1,0,null,19,340,0
instance_n100_sd02_1,PP4,0,null,20,10,0
instance_n100_sd02_1,PP4,0,null,21,16,12
instance_n100_sd02_1,PP3,0,null,20,16,0
instance_n100_sd02_1,PP3,0,null,21,21,12
instance_n100_sd02_1,PP2,0,null,20,20,0
instance_n100_sd02_1,PP2,0,null,21,35,12
instance_n100_sd02_1,PP1,0,null,20,22,0
instance_n100_sd02_1,PP1,0,null,21,33,12
instance_n100_sd02_0,PP2,0,null,24,280,0
instance_n100_sd02_0,PP4,0,null,24,263,0
instance_n100_sd02_0,PP1,0,null,24,291,0
instance_n100_sd02_0,PP3,0,null,24,262,0
instance_n100_sd02_2,PP1,0,null,21,6,0
instance_n100_sd02_2,PP2,0,null,21,9,0
instance_n100_sd02_2,PP3,0,null,21,6,0
instance_n100_sd02_2,PP4,0,null,21,6,0
instance_n100_sd02_3,PP2,0,null,23,5,0
instance_n100_sd02_3,PP3,0,null,23,5,0
instance_n100_sd02_3,PP1,0,null,23,12,0
instance_n100_sd02_3,PP4,0,null,23,6,0
instance_n100_sd02_4,PP1,0,null,20,5,0
instance_n100_sd02_4,PP3,0,null,20,6,0
instance_n100_sd02_4,PP4,0,null,20,5,0
instance_n100_sd02_4,PP2,0,null,20,5,0
instance_n100_sd04_0,PP2,0,null,40,8,0
instance_n100_sd04_0,PP2,0,null,41,1352,20000
instance_n100_sd04_0,PP1,0,null,40,8,0
instance_n100_sd04_0,PP1,0,null,41,1468,20000
instance_n100_sd04_0,PP3,0,null,40,8,0
instance_n100_sd04_0,PP3,0,null,41,1188,20000
instance_n100_sd04_0,PP4,0,null,40,9,0
instance_n100_sd04_0,PP4,0,null,41,1196,20000
instance_n100_sd04_1,PP1,0,null,47,9,0
instance_n100_sd04_1,PP3,0,null,47,9,0
instance_n100_sd04_1,PP4,0,null,47,8,0
instance_n100_sd04_1,PP2,0,null,47,8,0
instance_n100_sd04_2,PP1,0,null,42,7,0
instance_n100_sd04_2,PP1,0,null,43,8,2
instance_n100_sd04_2,PP1,0,null,44,9,5
instance_n100_sd04_2,PP1,0,null,45,26,118
instance_n100_sd04_2,PP2,0,null,42,8,0
instance_n100_sd04_2,PP2,0,null,43,9,2
instance_n100_sd04_2,PP2,0,null,44,9,5
instance_n100_sd04_2,PP2,0,null,45,26,118
instance_n100_sd04_2,PP3,0,null,42,8,0
instance_n100_sd04_2,PP3,0,null,43,9,2
instance_n100_sd04_2,PP3,0,null,44,10,5
instance_n100_sd04_2,PP3,0,null,45,27,118
instance_n100_sd04_2,PP4,0,null,42,8,0
instance_n100_sd04_2,PP4,0,null,43,9,2
instance_n100_sd04_2,PP4,0,null,44,10,5
instance_n100_sd04_2,PP4,0,null,45,27,118
instance_n100_sd04_3,PP1,0,null,34,8,0
instance_n100_sd04_3,PP2,0,null,34,7,0
instance_n100_sd04_3,PP3,0,null,34,7,0
instance_n100_sd04_3,PP4,0,null,34,7,0
instance_n100_sd04_4,PP2,0,null,41,8,0
instance_n100_sd04_4,PP1,0,null,41,8,0
instance_n100_sd04_4,PP3,0,null,41,15,0
instance_n100_sd04_4,PP4,0,null,41,8,0
instance_n100_sd06_0,PP1,0,null,55,10,0
instance_n100_sd06_0,PP2,0,null,55,10,0
instance_n100_sd06_0,PP4,0,null,55,20,0
instance_n100_sd06_0,PP3,0,null,55,10,0
instance_n100_sd06_1,PP1,0,null,65,12,0
instance_n100_sd06_1,PP1,0,null,66,13,2
instance_n100_sd06_1,PP1,0,null,67,14,5
instance_n100_sd06_1,PP1,0,null,68,15,8
instance_n100_sd06_1,PP2,0,null,65,11,0
instance_n100_sd06_1,PP2,0,null,66,12,2
instance_n100_sd06_1,PP2,0,null,67,13,5
instance_n100_sd06_1,PP2,0,null,68,14,8
instance_n100_sd06_1,PP3,0,null,65,11,0
instance_n100_sd06_1,PP3,0,null,66,12,2
instance_n100_sd06_1,PP3,0,null,67,13,5
instance_n100_sd06_1,PP3,0,null,68,14,8
instance_n100_sd06_1,PP4,0,null,65,11,0
instance_n100_sd06_1,PP4,0,null,66,12,2
instance_n100_sd06_1,PP4,0,null,67,13,5
instance_n100_sd06_1,PP4,0,null,68,14,8
instance_n100_sd06_2,PP1,0,null,50,10,0
instance_n100_sd06_2,PP1,0,null,51,12,16
instance_n100_sd06_2,PP1,0,null,52,13,17
instance_n100_sd06_2,PP1,0,null,53,16,34
instance_n100_sd06_2,PP1,0,null,54,16,35
instance_n100_sd06_2,PP1,0,null,56,1699,20000
instance_n100_sd06_2,PP2,0,null,50,9,0
instance_n100_sd06_2,PP2,0,null,51,15,16
instance_n100_sd06_2,PP2,0,null,52,16,17
instance_n100_sd06_2,PP2,0,null,53,21,34
instance_n100_sd06_2,PP2,0,null,54,22,35
instance_n100_sd06_2,PP2,0,null,56,1608,20000
instance_n100_sd06_2,PP3,0,null,50,9,0
instance_n100_sd06_2,PP3,0,null,51,12,16
instance_n100_sd06_2,PP3,0,null,52,13,17
instance_n100_sd06_2,PP3,0,null,53,15,34
instance_n100_sd06_2,PP3,0,null,54,15,35
instance_n100_sd06_2,PP3,0,null,56,1584,20000
instance_n100_sd06_2,PP4,0,null,50,10,0
instance_n100_sd06_2,PP4,0,null,51,13,16
instance_n100_sd06_2,PP4,0,null,52,13,17
instance_n100_sd06_2,PP4,0,null,53,15,34
instance_n100_sd06_2,PP4,0,null,54,16,35
instance_n100_sd06_2,PP4,0,null,56,1655,20000
instance_n100_sd06_3,PP2,0,null,56,10,0
instance_n100_sd06_3,PP2,0,null,57,10,2
instance_n100_sd06_3,PP2,0,null,60,1407,20000
instance_n100_sd06_3,PP2,0,null,61,1419,10026
instance_n100_sd06_3,PP1,0,null,56,10,0
instance_n100_sd06_3,PP1,0,null,57,10,2
instance_n100_sd06_3,PP1,0,null,60,1488,20000
instance_n100_sd06_3,PP1,0,null,61,1493,10026
instance_n100_sd06_3,PP3,0,null,56,11,0
instance_n100_sd06_3,PP3,0,null,57,11,2
instance_n100_sd06_3,PP3,0,null,60,1431,20000
instance_n100_sd06_3,PP3,0,null,61,1436,10026
instance_n100_sd06_3,PP4,0,null,56,10,0
instance_n100_sd06_3,PP4,0,null,57,11,2
instance_n100_sd06_3,PP4,0,null,60,1488,20000
instance_n100_sd06_3,PP4,0,null,61,1493,10026
instance_n100_sd06_4,PP1,0,null,68,12,0
instance_n100_sd06_4,PP1,0,null,69,14,24
instance_n100_sd06_4,PP2,0,null,68,11,0
instance_n100_sd06_4,PP2,0,null,69,14,24
instance_n100_sd06_4,PP3,0,null,68,11,0
instance_n100_sd06_4,PP3,0,null,69,14,24
instance_n100_sd06_4,PP4,0,null,68,12,0
instance_n100_sd06_4,PP4,0,null,69,14,24
instance_n100_sd08_0,PP1,0,null,75,12,0
instance_n100_sd08_0,PP1,0,null,76,16,28
instance_n100_sd08_0,PP3,0,null,75,12,0
instance_n100_sd08_0,PP3,0,null,76,17,28
instance_n100_sd08_0,PP2,0,null,75,13,0
instance_n100_sd08_0,PP2,0,null,76,17,28
instance_n100_sd08_0,PP4,0,null,75,13,0
instance_n100_sd08_0,PP4,0,null,76,17,28
instance_n100_sd08_1,PP1,0,null,74,14,0
instance_n100_sd08_1,PP1,0,null,75,15,6
instance_n100_sd08_1,PP1,0,null,76,16,9
instance_n100_sd08_1,PP1,0,null,77,16,12
instance_n100_sd08_1,PP1,0,null,78,18,21
instance_n100_sd08_1,PP3,0,null,74,13,0
instance_n100_sd08_1,PP3,0,null,75,14,6
instance_n100_sd08_1,PP3,0,null,76,15,9
instance_n100_sd08_1,PP3,0,null,77,16,12
instance_n100_sd08_1,PP3,0,null,78,17,21
instance_n100_sd08_1,PP2,0,null,74,14,0
instance_n100_sd08_1,PP2,0,null,75,15,6
instance_n100_sd08_1,PP2,0,null,76,16,9
instance_n100_sd08_1,PP2,0,null,77,17,12
instance_n100_sd08_1,PP2,0,null,78,18,21
instance_n100_sd08_1,PP4,0,null,74,14,0
instance_n100_sd08_1,PP4,0,null,75,15,6
instance_n100_sd08_1,PP4,0,null,76,16,9
instance_n100_sd08_1,PP4,0,null,77,17,12
instance_n100_sd08_1,PP4,0,null,78,18,21
instance_n100_sd08_2,PP2,0,null,78,20,0
instance_n100_sd08_2,PP2,0,null,79,28,30
instance_n100_sd08_2,PP1,0,null,78,14,0
instance_n100_sd08_2,PP1,0,null,79,18,30
instance_n100_sd08_2,PP3,0,null,78,19,0
instance_n100_sd08_2,PP3,0,null,79,24,30
instance_n100_sd08_2,PP4,0,null,78,13,0
instance_n100_sd08_2,PP4,0,null,79,18,30
instance_n100_sd08_3,PP1,0,null,70,13,0
instance_n100_sd08_3,PP1,0,null,71,16,20
instance_n100_sd08_3,PP1,0,null,72,16,21
instance_n100_sd08_3,PP1,0,null,73,16,22
instance_n100_sd08_3,PP1,0,null,74,1447,20000
instance_n100_sd08_3,PP2,0,null,70,12,0
instance_n100_sd08_3,PP2,0,null,71,15,20
instance_n100_sd08_3,PP2,0,null,72,16,21
instance_n100_sd08_3,PP2,0,null,73,16,22
instance_n100_sd08_3,PP2,0,null,74,1409,20000
instance_n100_sd08_3,PP3,0,null,70,12,0
instance_n100_sd08_3,PP3,0,null,71,15,20
instance_n100_sd08_3,PP3,0,null,72,15,21
instance_n100_sd08_3,PP3,0,null,73,16,22
instance_n100_sd08_3,PP3,0,null,74,1406,20000
instance_n100_sd08_3,PP4,0,null,70,13,0
instance_n100_sd08_3,PP4,0,null,71,16,20
instance_n100_sd08_3,PP4,0,null,72,16,21
instance_n100_sd08_3,PP4,0,null,73,16,22
instance_n100_sd08_3,PP4,0,null,74,1526,20000
instance_n100_sd08_4,PP2,0,null,68,12,0
instance_n100_sd08_4,PP2,0,null,69,1928,10728
instance_n100_sd08_4,PP2,0,null,70,1928,10729
instance_n100_sd08_4,PP2,0,null,71,2263,12124
instance_n100_sd08_4,PP2,0,null,72,5231,40000
instance_n100_sd08_4,PP1,0,null,68,12,0
instance_n100_sd08_4,PP1,0,null,69,1853,10728
instance_n100_sd08_4,PP1,0,null,70,1853,10729
instance_n100_sd08_4,PP1,0,null,71,2156,12124
instance_n100_sd08_4,PP1,0,null,72,5282,40000
instance_n100_sd08_4,PP3,0,null,68,13,0
instance_n100_sd08_4,PP3,0,null,69,1992,10728
instance_n100_sd08_4,PP3,0,null,70,1992,10729
instance_n100_sd08_4,PP3,0,null,71,2251,12124
instance_n100_sd08_4,PP3,0,null,72,5311,40000
instance_n100_sd08_4,PP4,0,null,68,12,0
instance_n100_sd08_4,PP4,0,null,69,1741,10728
instance_n100_sd08_4,PP4,0,null,70,1742,10729
instance_n100_sd08_4,PP4,0,null,71,2007,12124
instance_n100_sd08_4,PP4,0,null,72,5058,40000
instance_n100_sd10_0,PP1,0,null,88,15,0
instance_n100_sd10_0,PP1,0,null,89,16,2
instance_n100_sd10_0,PP1,0,null,90,17,5
instance_n100_sd10_0,PP1,0,null,91,17,8
instance_n100_sd10_0,PP1,0,null,92,18,11
instance_n100_sd10_0,PP1,0,null,93,19,14
instance_n100_sd10_0,PP2,0,null,88,16,0
instance_n100_sd10_0,PP2,0,null,89,16,2
instance_n100_sd10_0,PP2,0,null,90,17,5
instance_n100_sd10_0,PP2,0,null,91,18,8
instance_n100_sd10_0,PP2,0,null,92,19,11
instance_n100_sd10_0,PP2,0,null,93,20,14
instance_n100_sd10_0,PP3,0,null,88,17,0
instance_n100_sd10_0,PP3,0,null,89,18,2
instance_n100_sd10_0,PP3,0,null,90,19,5
instance_n100_sd10_0,PP3,0,null,91,19,8
instance_n100_sd10_0,PP3,0,null,92,20,11
instance_n100_sd10_0,PP3,0,null,93,21,14
instance_n100_sd10_0,PP4,0,null,88,32,0
instance_n100_sd10_0,PP4,0,null,89,33,2
instance_n100_sd10_0,PP4,0,null,90,36,5
instance_n100_sd10_0,PP4,0,null,91,36,8
instance_n100_sd10_0,PP4,0,null,92,39,11
instance_n100_sd10_0,PP4,0,null,93,40,14
instance_n100_sd10_1,PP1,0,null,89,14,0
instance_n100_sd10_1,PP1,0,null,91,1461,20000
instance_n100_sd10_1,PP1,0,null,92,3004,30000
instance_n100_sd10_1,PP1,0,null,93,3009,20032
instance_n100_sd10_1,PP1,0,null,94,3014,20065
instance_n100_sd10_1,PP1,0,null,95,3019,20098
instance_n100_sd10_1,PP1,0,null,96,3024,20131
instance_n100_sd10_1,PP1,0,null,97,4901,30139
instance_n100_sd10_1,PP1,0,null,98,10783,70147
instance_n100_sd10_1,PP2,0,null,89,16,0
instance_n100_sd10_1,PP2,0,null,91,1562,20000
instance_n100_sd10_1,PP2,0,null,92,3167,30000
instance_n100_sd10_1,PP2,0,null,93,3172,20032
instance_n100_sd10_1,PP2,0,null,94,3177,20065
instance_n100_sd10_1,PP2,0,null,95,3182,20098
instance_n100_sd10_1,PP2,0,null,96,3187,20131
instance_n100_sd10_1,PP2,0,null,97,4964,30139
instance_n100_sd10_1,PP2,0,null,98,10943,70147
instance_n100_sd10_1,PP3,0,null,89,14,0
instance_n100_sd10_1,PP3,0,null,91,1494,20000
instance_n100_sd10_1,PP3,0,null,92,2953,30000
instance_n100_sd10_1,PP3,0,null,93,2958,20032
instance_n100_sd10_1,PP3,0,null,94,2962,20065
instance_n100_sd10_1,PP3,0,null,95,2967,20098
instance_n100_sd10_1,PP3,0,null,96,2972,20131
instance_n100_sd10_1,PP3,0,null,97,4699,30139
instance_n100_sd10_1,PP3,0,null,98,10797,70147
instance_n100_sd10_1,PP4,0,null,89,15,0
instance_n100_sd10_1,PP4,0,null,91,1516,20000
instance_n100_sd10_1,PP4,0,null,92,2954,30000
instance_n100_sd10_1,PP4,0,null,93,2959,20032
instance_n100_sd10_1,PP4,0,null,94,2963,20065
instance_n100_sd10_1,PP4,0,null,95,2968,20098
instance_n100_sd10_1,PP4,0,null,96,2974,20131
instance_n100_sd10_1,PP4,0,null,97,4754,30139
instance_n100_sd10_1,PP4,0,null,98,10988,70147
instance_n100_sd10_2,PP2,0,null,91,16,0
instance_n100_sd10_2,PP2,0,null,92,17,2
instance_n100_sd10_2,PP2,0,null,93,17,3
instance_n100_sd10_2,PP2,0,null,94,18,6
instance_n100_sd10_2,PP2,0,null,95,18,7
instance_n100_sd10_2,PP2,0,null,96,19,10
instance_n100_sd10_2,PP2,0,null,97,5112,40000
instance_n100_sd10_2,PP2,0,null,98,11884,70031
instance_n100_sd10_2,PP1,0,null,91,15,0
instance_n100_sd10_2,PP1,0,null,92,16,2
instance_n100_sd10_2,PP1,0,null,93,16,3
instance_n100_sd10_2,PP1,0,null,94,17,6
instance_n100_sd10_2,PP1,0,null,95,18,7
instance_n100_sd10_2,PP1,0,null,96,18,10
instance_n100_sd10_2,PP1,0,null,97,5264,40000
instance_n100_sd10_2,PP1,0,null,98,11917,70031
instance_n100_sd10_2,PP3,0,null,91,15,0
instance_n100_sd10_2,PP3,0,null,92,16,2
instance_n100_sd10_2,PP3,0,null,93,17,3
instance_n100_sd10_2,PP3,0,null,94,17,6
instance_n100_sd10_2,PP3,0,null,95,18,7
instance_n100_sd10_2,PP3,0,null,96,19,10
instance_n100_sd10_2,PP3,0,null,97,5314,40000
instance_n100_sd10_2,PP3,0,null,98,12126,70031
instance_n100_sd10_2,PP4,0,null,91,16,0
instance_n100_sd10_2,PP4,0,null,92,17,2
instance_n100_sd10_2,PP4,0,null,93,17,3
instance_n100_sd10_2,PP4,0,null,94,18,6
instance_n100_sd10_2,PP4,0,null,95,18,7
instance_n100_sd10_2,PP4,0,null,96,19,10
instance_n100_sd10_2,PP4,0,null,97,5205,40000
instance_n100_sd10_2,PP4,0,null,98,11851,70031
instance_n100_sd10_3,PP1,0,null,109,17,0
instance_n100_sd10_3,PP3,0,null,109,18,0
instance_n100_sd10_3,PP2,0,null,109,17,0
instance_n100_sd10_3,PP4,0,null,109,19,0
instance_n100_sd10_4,PP1,0,null,98,17,0
instance_n100_sd10_4,PP1,0,null,99,20,16
instance_n100_sd10_4,PP1,0,null,100,20,17
instance_n100_sd10_4,PP1,0,null,101,21,18
instance_n100_sd10_4,PP1,0,null,102,21,19
instance_n100_sd10_4,PP1,0,null,103,21,20
instance_n100_sd10_4,PP1,0,null,104,20312,120000
instance_n100_sd10_4,PP1,0,null,105,22060,120037
instance_n100_sd10_4,PP2,0,null,98,17,0
instance_n100_sd10_4,PP2,0,null,99,20,16
instance_n100_sd10_4,PP2,0,null,100,20,17
instance_n100_sd10_4,PP2,0,null,101,21,18
instance_n100_sd10_4,PP2,0,null,102,21,19
instance_n100_sd10_4,PP2,0,null,103,21,20
instance_n100_sd10_4,PP2,0,null,104,19736,120000
instance_n100_sd10_4,PP2,0,null,105,21469,120037
instance_n100_sd10_4,PP3,0,null,98,15,0
instance_n100_sd10_4,PP3,0,null,99,18,16
instance_n100_sd10_4,PP3,0,null,100,19,17
instance_n100_sd10_4,PP3,0,null,101,19,18
instance_n100_sd10_4,PP3,0,null,102,19,19
instance_n100_sd10_4,PP3,0,null,103,19,20
instance_n100_sd10_4,PP3,0,null,104,20162,120000
instance_n100_sd10_4,PP3,0,null,105,21819,120037
instance_n100_sd10_4,PP4,0,null,98,17,0
instance_n100_sd10_4,PP4,0,null,99,20,16
instance_n100_sd10_4,PP4,0,null,100,20,17
instance_n100_sd10_4,PP4,0,null,101,20,18
instance_n100_sd10_4,PP4,0,null,102,21,19
instance_n100_sd10_4,PP4,0,null,103,21,20
instance_n100_sd10_4,PP4,0,null,104,19775,120000
instance_n100_sd10_4,PP4,0,null,105,21488,120037
instance_n200_sd02_1,PP1,0,null,23,19,0
instance_n200_sd02_1,PP2,0,null,23,20,0
instance_n200_sd02_1,PP3,0,null,23,20,0
instance_n200_sd02_1,PP4,0,null,23,20,0
instance_n200_sd02_0,PP1,0,null,23,55,0
instance_n200_sd02_0,PP3,0,null,23,22,0
instance_n200_sd02_0,PP2,0,null,23,32,0
instance_n200_sd02_0,PP4,0,null,23,21,0
instance_n200_sd02_2,PP3,0,null,22,21,0
instance_n200_sd02_2,PP2,0,null,22,20,0
instance_n200_sd02_2,PP1,0,null,22,26,0
instance_n200_sd02_2,PP4,0,null,22,21,0
instance_n200_sd02_3,PP1,0,null,21,21,0
instance_n200_sd02_3,PP2,0,null,21,22,0
instance_n200_sd02_3,PP3,0,null,21,43,0
instance_n200_sd02_3,PP4,0,null,21,19,0
instance_n200_sd02_4,PP1,0,null,22,20,0
instance_n200_sd02_4,PP1,0,null,23,25,12
instance_n200_sd02_4,PP2,0,null,22,19,0
instance_n200_sd02_4,PP2,0,null,23,25,12
instance_n200_sd02_4,PP3,0,null,22,20,0
instance_n200_sd02_4,PP3,0,null,23,25,12
instance_n200_sd02_4,PP4,0,null,22,21,0
instance_n200_sd02_4,PP4,0,null,23,27,12
instance_n200_sd04_0,PP1,0,null,44,32,0
instance_n200_sd04_0,PP1,0,null,45,5840,20000
instance_n200_sd04_0,PP3,0,null,44,52,0
instance_n200_sd04_0,PP3,0,null,45,5908,20000
instance_n200_sd04_0,PP2,0,null,44,34,0
instance_n200_sd04_0,PP2,0,null,45,5861,20000
instance_n200_sd04_0,PP4,0,null,44,33,0
instance_n200_sd04_0,PP4,0,null,45,5842,20000
instance_n200_sd04_1,PP1,0,null,44,29,0
instance_n200_sd04_1,PP2,0,null,44,30,0
instance_n200_sd04_1,PP3,0,null,44,31,0
instance_n200_sd04_1,PP4,0,null,44,31,0
instance_n200_sd04_2,PP1,0,null,47,39,0
instance_n200_sd04_2,PP2,0,null,47,32,0
instance_n200_sd04_2,PP3,0,null,47,32,0
instance_n200_sd04_2,PP4,0,null,47,31,0
instance_n200_sd04_3,PP1,0,null,47,31,0
instance_n200_sd04_3,PP3,0,null,47,31,0
instance_n200_sd04_3,PP2,0,null,47,31,0
instance_n200_sd04_3,PP4,0,null,47,32,0
instance_n200_sd04_4,PP1,0,null,49,33,0
instance_n200_sd04_4,PP2,0,null,49,32,0
instance_n200_sd04_4,PP3,0,null,49,34,0
instance_n200_sd04_4,PP4,0,null,49,37,0
instance_n200_sd06_0,PP2,0,null,63,44,0
instance_n200_sd06_0,PP2,0,null,64,9850,30000
instance_n200_sd06_0,PP1,0,null,63,48,0
instance_n200_sd06_0,PP1,0,null,64,9987,30000
instance_n200_sd06_0,PP3,0,null,63,58,0
instance_n200_sd06_0,PP3,0,null,64,9817,30000
instance_n200_sd06_0,PP4,0,null,63,44,0
instance_n200_sd06_0,PP4,0,null,64,10222,30000
instance_n200_sd06_1,PP1,0,null,70,42,0
instance_n200_sd06_1,PP1,0,null,71,43,2
instance_n200_sd06_1,PP1,0,null,72,45,5
instance_n200_sd06_1,PP2,0,null,70,44,0
instance_n200_sd06_1,PP2,0,null,71,46,2
instance_n200_sd06_1,PP2,0,null,72,48,5
instance_n200_sd06_1,PP3,0,null,70,44,0
instance_n200_sd06_1,PP3,0,null,71,46,2
instance_n200_sd06_1,PP3,0,null,72,48,5
instance_n200_sd06_1,PP4,0,null,70,44,0
instance_n200_sd06_1,PP4,0,null,71,46,2
instance_n200_sd06_1,PP4,0,null,72,48,5
instance_n200_sd06_2,PP1,0,null,68,44,0
instance_n200_sd06_2,PP2,0,null,68,59,0
instance_n200_sd06_2,PP3,0,null,68,43,0
instance_n200_sd06_2,PP4,0,null,68,45,0
instance_n200_sd06_4,PP1,0,null,58,39,0
instance_n200_sd06_4,PP1,0,null,59,54,26
instance_n200_sd06_4,PP1,0,null,60,55,27
instance_n200_sd06_4,PP1,0,null,61,70,54
instance_n200_sd06_4,PP3,0,null,58,41,0
instance_n200_sd06_4,PP3,0,null,59,75,26
instance_n200_sd06_4,PP3,0,null,60,77,27
instance_n200_sd06_4,PP3,0,null,61,95,54
instance_n200_sd06_4,PP2,0,null,58,38,0
instance_n200_sd06_4,PP2,0,null,59,53,26
instance_n200_sd06_4,PP2,0,null,60,54,27
instance_n200_sd06_4,PP2,0,null,61,70,54
instance_n200_sd06_4,PP4,0,null,58,41,0
instance_n200_sd06_4,PP4,0,null,59,55,26
instance_n200_sd06_4,PP4,0,null,60,56,27
instance_n200_sd06_4,PP4,0,null,61,74,54
instance_n200_sd06_3,PP1,0,null,53,38,0
instance_n200_sd06_3,PP2,0,null,53,38,0
instance_n200_sd06_3,PP3,0,null,53,39,0
instance_n200_sd06_3,PP4,0,null,53,55,0
instance_n200_sd08_0,PP1,0,null,79,66,0
instance_n200_sd08_0,PP2,0,null,79,110,0
instance_n200_sd08_0,PP3,0,null,79,67,0
instance_n200_sd08_0,PP4,0,null,79,53,0
instance_n200_sd08_1,PP2,0,null,85,52,0
instance_n200_sd08_1,PP3,0,null,85,54,0
instance_n200_sd08_1,PP1,0,null,85,54,0
instance_n200_sd08_1,PP4,0,null,85,54,0
instance_n200_sd08_2,PP1,0,null,80,123,0
instance_n200_sd08_2,PP1,0,null,81,165,42
instance_n200_sd08_2,PP1,0,null,82,167,43
instance_n200_sd08_2,PP1,0,null,83,6592,20000
instance_n200_sd08_2,PP1,0,null,84,12405,30000
instance_n200_sd08_2,PP1,0,null,85,25125,50000
instance_n200_sd08_3,PP1,0,null,92,62,0
instance_n200_sd08_3,PP1,0,null,93,72,20
instance_n200_sd08_3,PP1,0,null,94,73,21
instance_n200_sd08_2,PP3,0,null,80,61,0
instance_n200_sd08_2,PP3,0,null,81,95,42
instance_n200_sd08_2,PP3,0,null,82,110,43
instance_n200_sd08_2,PP3,0,null,83,6768,20000
instance_n200_sd08_2,PP3,0,null,84,12383,30000
instance_n200_sd08_2,PP3,0,null,85,25110,50000
instance_n200_sd08_2,PP4,0,null,80,61,0
instance_n200_sd08_2,PP4,0,null,81,89,42
instance_n200_sd08_2,PP4,0,null,82,91,43
instance_n200_sd08_2,PP4,0,null,83,6282,20000
instance_n200_sd08_2,PP4,0,null,84,12154,30000
instance_n200_sd08_2,PP4,0,null,85,24570,50000
instance_n200_sd08_2,PP2,0,null,80,55,0
instance_n200_sd08_2,PP2,0,null,81,81,42
instance_n200_sd08_2,PP2,0,null,82,82,43
instance_n200_sd08_2,PP2,0,null,83,6668,20000
instance_n200_sd08_2,PP2,0,null,84,12269,30000
instance_n200_sd08_2,PP2,0,null,85,24931,50000
instance_n200_sd08_3,PP2,0,null,92,53,0
instance_n200_sd08_3,PP2,0,null,93,101,20
instance_n200_sd08_3,PP2,0,null,94,103,21
instance_n200_sd08_3,PP4,0,null,92,70,0
instance_n200_sd08_3,PP4,0,null,93,80,20
instance_n200_sd08_3,PP4,0,null,94,81,21
instance_n200_sd08_3,PP3,0,null,92,68,0
instance_n200_sd08_3,PP3,0,null,93,89,20
instance_n200_sd08_3,PP3,0,null,94,90,21
instance_n200_sd08_4,PP1,0,null,78,52,0
instance_n200_sd08_4,PP2,0,null,78,77,0
instance_n200_sd08_4,PP4,0,null,78,51,0
instance_n200_sd08_4,PP3,0,null,78,52,0
instance_n200_sd10_0,PP1,0,null,111,62,0
instance_n200_sd10_0,PP1,0,null,112,83,40
instance_n200_sd10_0,PP1,0,null,113,84,41
instance_n200_sd10_0,PP2,0,null,111,70,0
instance_n200_sd10_0,PP2,0,null,112,114,40
instance_n200_sd10_0,PP2,0,null,113,115,41
instance_n200_sd10_0,PP3,0,null,111,70,0
instance_n200_sd10_0,PP3,0,null,112,95,40
instance_n200_sd10_0,PP3,0,null,113,96,41
instance_n200_sd10_0,PP4,0,null,111,66,0
instance_n200_sd10_0,PP4,0,null,112,89,40
instance_n200_sd10_0,PP4,0,null,113,91,41
instance_n200_sd10_1,PP1,0,null,106,61,0
instance_n200_sd10_1,PP1,0,null,107,84,42
instance_n200_sd10_1,PP1,0,null,108,86,43
instance_n200_sd10_1,PP1,0,null,109,87,44
instance_n200_sd10_1,PP1,0,null,110,5088,20000
instance_n200_sd10_1,PP1,0,null,111,5111,10042
instance_n200_sd10_1,PP1,0,null,112,5112,10043
instance_n200_sd10_1,PP1,0,null,113,5113,10044
instance_n200_sd10_1,PP2,0,null,106,66,0
instance_n200_sd10_1,PP2,0,null,107,88,42
instance_n200_sd10_1,PP2,0,null,108,89,43
instance_n200_sd10_1,PP2,0,null,109,90,44
instance_n200_sd10_1,PP2,0,null,110,5805,20000
instance_n200_sd10_1,PP2,0,null,111,5829,10042
instance_n200_sd10_1,PP2,0,null,112,5830,10043
instance_n200_sd10_1,PP2,0,null,113,5832,10044
instance_n200_sd10_1,PP3,0,null,106,66,0
instance_n200_sd10_1,PP3,0,null,107,88,42
instance_n200_sd10_1,PP3,0,null,108,89,43
instance_n200_sd10_1,PP3,0,null,109,90,44
instance_n200_sd10_1,PP3,0,null,110,6291,20000
instance_n200_sd10_1,PP3,0,null,111,6321,10042
instance_n200_sd10_1,PP3,0,null,112,6322,10043
instance_n200_sd10_1,PP3,0,null,113,6323,10044
instance_n200_sd10_1,PP4,0,null,106,90,0
instance_n200_sd10_1,PP4,0,null,107,125,42
instance_n200_sd10_1,PP4,0,null,108,127,43
instance_n200_sd10_1,PP4,0,null,109,129,44
instance_n200_sd10_1,PP4,0,null,110,5901,20000
instance_n200_sd10_1,PP4,0,null,111,5927,10042
instance_n200_sd10_1,PP4,0,null,112,5928,10043
instance_n200_sd10_1,PP4,0,null,113,5930,10044
instance_n200_sd10_2,PP1,0,null,101,65,0
instance_n200_sd10_2,PP2,0,null,101,73,0
instance_n200_sd10_2,PP3,0,null,101,61,0
instance_n200_sd10_2,PP4,0,null,101,63,0
instance_n200_sd10_4,PP1,0,null,115,71,0
instance_n200_sd10_4,PP2,0,null,115,78,0
instance_n200_sd10_3,PP1,0,null,93,62,0
instance_n200_sd10_3,PP1,0,null,94,79,32
instance_n200_sd10_3,PP1,0,null,95,80,33
instance_n200_sd10_3,PP1,0,null,96,99,68
instance_n200_sd10_3,PP1,0,null,97,119,105
instance_n200_sd10_3,PP2,0,null,93,80,0
instance_n200_sd10_3,PP2,0,null,94,102,32
instance_n200_sd10_3,PP2,0,null,95,103,33
instance_n200_sd10_3,PP2,0,null,96,127,68
instance_n200_sd10_3,PP2,0,null,97,155,105
instance_n200_sd10_3,PP4,0,null,93,60,0
instance_n200_sd10_3,PP4,0,null,94,78,32
instance_n200_sd10_3,PP4,0,null,95,79,33
instance_n200_sd10_3,PP4,0,null,96,102,68
instance_n200_sd10_3,PP4,0,null,97,122,105
instance_n200_sd10_4,PP4,0,null,115,68,0
instance_n200_sd10_4,PP3,0,null,115,102,0
instance_n200_sd10_3,PP3,0,null,93,61,0
instance_n200_sd10_3,PP3,0,null,94,83,32
instance_n200_sd10_3,PP3,0,null,95,84,33
instance_n200_sd10_3,PP3,0,null,96,106,68
instance_n200_sd10_3,PP3,0,null,97,127,105
instance_n300_sd02_0,PP1,0,null,20,47,0
instance_n300_sd02_0,PP3,0,null,20,61,0
instance_n300_sd02_0,PP2,0,null,20,48,0
instance_n300_sd02_0,PP4,0,null,20,46,0
instance_n300_sd02_1,PP4,0,null,20,46,0
instance_n300_sd02_1,PP2,0,null,20,46,0
instance_n300_sd02_1,PP1,0,null,20,46,0
instance_n300_sd02_1,PP3,0,null,20,46,0
instance_n300_sd02_2,PP2,0,null,25,55,0
instance_n300_sd02_2,PP1,0,null,25,54,0
instance_n300_sd02_2,PP3,0,null,25,51,0
instance_n300_sd02_2,PP4,0,null,25,51,0
instance_n300_sd02_3,PP1,0,null,22,58,0
instance_n300_sd02_3,PP4,0,null,22,48,0
instance_n300_sd02_3,PP3,0,null,22,48,0
instance_n300_sd02_3,PP2,0,null,22,47,0
instance_n300_sd02_4,PP1,0,null,23,51,0
instance_n300_sd02_4,PP2,0,null,23,48,0
instance_n300_sd02_4,PP4,0,null,23,49,0
instance_n300_sd02_4,PP3,0,null,23,58,0
instance_n300_sd04_0,PP1,0,null,40,67,0
instance_n300_sd04_0,PP3,0,null,40,69,0
instance_n300_sd04_0,PP2,0,null,40,77,0
instance_n300_sd04_0,PP4,0,null,40,79,0
instance_n300_sd04_1,PP1,0,null,43,93,0
instance_n300_sd04_1,PP3,0,null,43,79,0
instance_n300_sd04_1,PP2,0,null,43,87,0
instance_n300_sd04_1,PP4,0,null,43,79,0
instance_n300_sd04_2,PP1,0,null,46,72,0
instance_n300_sd04_2,PP2,0,null,46,76,0
instance_n300_sd04_2,PP4,0,null,46,132,0
instance_n300_sd04_2,PP3,0,null,46,114,0
instance_n300_sd04_3,PP1,0,null,44,71,0
instance_n300_sd04_3,PP2,0,null,44,97,0
instance_n300_sd04_3,PP3,0,null,44,77,0
instance_n300_sd04_3,PP4,0,null,44,73,0
instance_n300_sd04_4,PP1,0,null,42,74,0
instance_n300_sd04_4,PP3,0,null,42,70,0
instance_n300_sd04_4,PP2,0,null,42,72,0
instance_n300_sd04_4,PP4,0,null,42,68,0
instance_n300_sd06_0,PP1,0,null,68,100,0
instance_n300_sd06_0,PP1,0,null,69,9249,20000
instance_n300_sd06_0,PP2,0,null,68,94,0
instance_n300_sd06_0,PP2,0,null,69,9507,20000
instance_n300_sd06_0,PP3,0,null,68,105,0
instance_n300_sd06_0,PP3,0,null,69,9945,20000
instance_n300_sd06_0,PP4,0,null,68,127,0
instance_n300_sd06_0,PP4,0,null,69,9570,20000
instance_n300_sd06_1,PP1,0,null,65,95,0
instance_n300_sd06_1,PP3,0,null,65,93,0
instance_n300_sd06_1,PP2,0,null,65,92,0
instance_n300_sd06_1,PP4,0,null,65,111,0
instance_n300_sd06_2,PP1,0,null,67,98,0
instance_n300_sd06_2,PP2,0,null,67,108,0
instance_n300_sd06_2,PP3,0,null,67,101,0
instance_n300_sd06_2,PP4,0,null,67,99,0
instance_n300_sd06_3,PP1,0,null,67,99,0
instance_n300_sd06_3,PP1,0,null,68,130,30
instance_n300_sd06_3,PP2,0,null,67,97,0
instance_n300_sd06_3,PP2,0,null,68,145,30
instance_n300_sd06_3,PP3,0,null,67,115,0
instance_n300_sd06_3,PP3,0,null,68,145,30
instance_n300_sd06_3,PP4,0,null,67,98,0
instance_n300_sd06_3,PP4,0,null,68,129,30
instance_n300_sd06_4,PP1,0,null,68,98,0
instance_n300_sd06_4,PP2,0,null,68,102,0
instance_n300_sd06_4,PP3,0,null,68,99,0
instance_n300_sd06_4,PP4,0,null,68,97,0
instance_n300_sd08_0,PP1,0,null,80,112,0
instance_n300_sd08_0,PP1,0,null,81,143,28
instance_n300_sd08_0,PP1,0,null,82,145,29
instance_n300_sd08_0,PP1,0,null,83,177,60
instance_n300_sd08_0,PP1,0,null,84,210,93
instance_n300_sd08_0,PP1,0,null,85,30486,40000
instance_n300_sd08_0,PP2,0,null,80,129,0
instance_n300_sd08_0,PP2,0,null,81,161,28
instance_n300_sd08_0,PP2,0,null,82,163,29
instance_n300_sd08_0,PP2,0,null,83,197,60
instance_n300_sd08_0,PP2,0,null,84,231,93
instance_n300_sd08_0,PP2,0,null,85,30324,40000
instance_n300_sd08_0,PP3,0,null,80,110,0
instance_n300_sd08_0,PP3,0,null,81,139,28
instance_n300_sd08_0,PP3,0,null,82,141,29
instance_n300_sd08_0,PP3,0,null,83,171,60
instance_n300_sd08_0,PP3,0,null,84,205,93
instance_n300_sd08_0,PP3,0,null,85,30247,40000
instance_n300_sd08_0,PP4,0,null,80,111,0
instance_n300_sd08_0,PP4,0,null,81,142,28
instance_n300_sd08_0,PP4,0,null,82,144,29
instance_n300_sd08_0,PP4,0,null,83,178,60
instance_n300_sd08_0,PP4,0,null,84,230,93
instance_n300_sd08_0,PP4,0,null,85,31006,40000
instance_n300_sd08_1,PP1,0,null,97,129,0
instance_n300_sd08_1,PP2,0,null,97,136,0
instance_n300_sd08_1,PP3,0,null,97,130,0
instance_n300_sd08_1,PP4,0,null,97,165,0
instance_n300_sd08_2,PP1,0,null,89,145,0
instance_n300_sd08_2,PP2,0,null,89,119,0
instance_n300_sd08_2,PP4,0,null,89,127,0
instance_n300_sd08_2,PP3,0,null,89,131,0
instance_n300_sd08_3,PP1,0,null,86,159,0
instance_n300_sd08_3,PP2,0,null,86,180,0
instance_n300_sd08_3,PP3,0,null,86,131,0
instance_n300_sd08_3,PP4,0,null,86,179,0
instance_n300_sd08_4,PP1,0,null,85,122,0
instance_n300_sd08_4,PP1,0,null,86,21586,30000
instance_n300_sd08_4,PP2,0,null,85,120,0
instance_n300_sd08_4,PP2,0,null,86,22111,30000
instance_n300_sd08_4,PP3,0,null,85,127,0
instance_n300_sd08_4,PP3,0,null,86,21961,30000
instance_n300_sd08_4,PP4,0,null,85,344,0
instance_n300_sd08_4,PP4,0,null,86,23154,30000
instance_n300_sd10_0,PP1,0,null,109,147,0
instance_n300_sd10_0,PP1,0,null,110,188,34
instance_n300_sd10_0,PP2,0,null,109,152,0
instance_n300_sd10_0,PP2,0,null,110,191,34
instance_n300_sd10_0,PP4,0,null,109,149,0
instance_n300_sd10_0,PP4,0,null,110,199,34
instance_n300_sd10_0,PP3,0,null,109,186,0
instance_n300_sd10_0,PP3,0,null,110,229,34
instance_n300_sd10_1,PP1,0,null,104,137,0
instance_n300_sd10_1,PP1,0,null,105,166,24
instance_n300_sd10_1,PP1,0,null,106,189,25
instance_n300_sd10_1,PP1,0,null,107,262,90
instance_n300_sd10_1,PP2,0,null,104,138,0
instance_n300_sd10_1,PP2,0,null,105,167,24
instance_n300_sd10_1,PP2,0,null,106,170,25
instance_n300_sd10_1,PP2,0,null,107,243,90
instance_n300_sd10_1,PP4,0,null,104,139,0
instance_n300_sd10_1,PP4,0,null,105,168,24
instance_n300_sd10_1,PP4,0,null,106,171,25
instance_n300_sd10_1,PP4,0,null,107,245,90
instance_n300_sd10_1,PP3,0,null,104,133,0
instance_n300_sd10_1,PP3,0,null,105,162,24
instance_n300_sd10_1,PP3,0,null,106,165,25
instance_n300_sd10_1,PP3,0,null,107,245,90
instance_n300_sd10_2,PP2,0,null,100,143,0
instance_n300_sd10_2,PP2,0,null,101,10965,20000
instance_n300_sd10_2,PP1,0,null,100,142,0
instance_n300_sd10_2,PP1,0,null,101,11774,20000
instance_n300_sd10_2,PP3,0,null,100,139,0
instance_n300_sd10_2,PP3,0,null,101,11245,20000
instance_n300_sd10_3,PP1,0,null,100,128,0
instance_n300_sd10_2,PP4,0,null,100,145,0
instance_n300_sd10_2,PP4,0,null,101,11713,20000
instance_n300_sd10_3,PP2,0,null,100,152,0
instance_n300_sd10_3,PP3,0,null,100,186,0
instance_n300_sd10_3,PP4,0,null,100,134,0
instance_n300_sd10_4,PP1,0,null,104,145,0
instance_n300_sd10_4,PP1,0,null,105,13745,20000
instance_n300_sd10_4,PP1,0,null,106,24868,30000
instance_n300_sd10_4,PP1,0,null,107,24917,20042
instance_n300_sd10_4,PP1,0,null,108,24920,20043
instance_n300_sd10_4,PP2,0,null,104,156,0
instance_n300_sd10_4,PP2,0,null,105,14429,20000
instance_n300_sd10_4,PP2,0,null,106,25757,30000
instance_n300_sd10_4,PP2,0,null,107,25804,20042
instance_n300_sd10_4,PP2,0,null,108,25807,20043
instance_n300_sd10_4,PP4,0,null,104,145,0
instance_n300_sd10_4,PP4,0,null,105,13826,20000
instance_n300_sd10_4,PP4,0,null,106,24612,30000
instance_n300_sd10_4,PP4,0,null,107,24668,20042
instance_n300_sd10_4,PP4,0,null,108,24671,20043
instance_n300_sd10_4,PP3,0,null,104,149,0
instance_n300_sd10_4,PP3,0,null,105,13448,20000
instance_n300_sd10_4,PP3,0,null,106,24539,30000
instance_n300_sd10_4,PP3,0,null,107,24589,20042
instance_n300_sd10_4,PP3,0,null,108,24592,20043
instance_n400_sd02_0,PP1,0,null,21,106,0
instance_n400_sd02_0,PP2,0,null,21,82,0
instance_n400_sd02_0,PP3,0,null,21,82,0
instance_n400_sd02_0,PP4,0,null,21,98,0
instance_n400_sd02_1,PP1,0,null,21,138,0
instance_n400_sd02_1,PP2,0,null,21,84,0
instance_n400_sd02_1,PP3,0,null,21,100,0
instance_n400_sd02_1,PP4,0,null,21,91,0
instance_n400_sd02_2,PP1,0,null,23,89,0
instance_n400_sd02_2,PP2,0,null,23,85,0
instance_n400_sd02_2,PP3,0,null,23,84,0
instance_n400_sd02_2,PP4,0,null,23,85,0
instance_n400_sd02_3,PP1,0,null,23,86,0
instance_n400_sd02_3,PP2,0,null,23,85,0
instance_n400_sd02_3,PP3,0,null,23,86,0
instance_n400_sd02_3,PP4,0,null,23,111,0
instance_n400_sd02_4,PP1,0,null,21,99,0
instance_n400_sd02_4,PP2,0,null,21,84,0
instance_n400_sd02_4,PP3,0,null,21,92,0
instance_n400_sd02_4,PP4,0,null,21,88,0
instance_n400_sd04_0,PP1,0,null,48,157,0
instance_n400_sd04_0,PP2,0,null,48,131,0
instance_n400_sd04_0,PP3,0,null,48,131,0
instance_n400_sd04_0,PP4,0,null,48,155,0
instance_n400_sd04_1,PP2,0,null,42,133,0
instance_n400_sd04_1,PP2,0,null,44,18363,20000
instance_n400_sd04_1,PP1,0,null,42,149,0
instance_n400_sd04_1,PP1,0,null,44,18415,20000
instance_n400_sd04_1,PP3,0,null,42,126,0
instance_n400_sd04_1,PP3,0,null,44,17976,20000
instance_n400_sd04_1,PP4,0,null,42,128,0
instance_n400_sd04_1,PP4,0,null,44,18249,20000
instance_n400_sd04_2,PP1,0,null,50,150,0
instance_n400_sd04_2,PP2,0,null,50,141,0
instance_n400_sd04_2,PP3,0,null,50,137,0
instance_n400_sd04_2,PP4,0,null,50,144,0
instance_n400_sd04_3,PP1,0,null,44,122,0
instance_n400_sd04_3,PP2,0,null,44,125,0
instance_n400_sd04_3,PP3,0,null,44,129,0
instance_n400_sd04_3,PP4,0,null,44,122,0
instance_n400_sd04_4,PP1,0,null,45,132,0
instance_n400_sd04_4,PP1,0,null,47,15845,20000
instance_n400_sd04_4,PP2,0,null,45,132,0
instance_n400_sd04_4,PP2,0,null,47,15266,20000
instance_n400_sd04_4,PP3,0,null,45,144,0
instance_n400_sd04_4,PP3,0,null,47,15879,20000
instance_n400_sd04_4,PP4,0,null,45,142,0
instance_n400_sd04_4,PP4,0,null,47,15561,20000
instance_n400_sd06_0,PP1,0,null,63,166,0
instance_n400_sd06_0,PP1,0,null,64,233,34
instance_n400_sd06_0,PP1,0,null,65,237,35
instance_n400_sd06_0,PP2,0,null,63,166,0
instance_n400_sd06_0,PP2,0,null,64,232,34
instance_n400_sd06_0,PP2,0,null,65,236,35
instance_n400_sd06_0,PP3,0,null,63,167,0
instance_n400_sd06_0,PP3,0,null,64,227,34
instance_n400_sd06_0,PP3,0,null,65,232,35
instance_n400_sd06_0,PP4,0,null,63,173,0
instance_n400_sd06_0,PP4,0,null,64,237,34
instance_n400_sd06_0,PP4,0,null,65,242,35
instance_n400_sd06_1,PP1,0,null,65,175,0
instance_n400_sd06_1,PP2,0,null,65,192,0
instance_n400_sd06_1,PP3,0,null,65,180,0
instance_n400_sd06_1,PP4,0,null,65,195,0
instance_n400_sd06_2,PP1,0,null,63,170,0
instance_n400_sd06_2,PP2,0,null,63,172,0
instance_n400_sd06_2,PP3,0,null,63,198,0
instance_n400_sd06_2,PP4,0,null,63,168,0
instance_n400_sd06_3,PP1,0,null,64,279,0
instance_n400_sd06_3,PP2,0,null,64,262,0
instance_n400_sd06_3,PP3,0,null,64,295,0
instance_n400_sd06_3,PP4,0,null,64,197,0
instance_n400_sd06_4,PP1,0,null,72,240,0
instance_n400_sd06_4,PP2,0,null,72,267,0
instance_n400_sd06_4,PP3,0,null,72,290,0
instance_n400_sd06_4,PP4,0,null,72,450,0
instance_n400_sd08_0,PP1,0,null,89,550,0
instance_n400_sd08_0,PP1,0,null,90,631,38
instance_n400_sd08_0,PP1,0,null,91,637,39
instance_n400_sd08_0,PP2,0,null,89,229,0
instance_n400_sd08_0,PP2,0,null,90,304,38
instance_n400_sd08_0,PP2,0,null,91,309,39
instance_n400_sd08_0,PP3,0,null,89,272,0
instance_n400_sd08_0,PP3,0,null,90,431,38
instance_n400_sd08_0,PP3,0,null,91,440,39
instance_n400_sd08_0,PP4,0,null,89,268,0
instance_n400_sd08_0,PP4,0,null,90,344,38
instance_n400_sd08_0,PP4,0,null,91,348,39
instance_n400_sd08_1,PP2,0,null,83,215,0
instance_n400_sd08_1,PP2,0,null,84,153746,70000
instance_n400_sd08_1,PP1,0,null,83,331,0
instance_n400_sd08_1,PP1,0,null,84,153958,70000
instance_n400_sd08_1,PP3,0,null,83,412,0
instance_n400_sd08_1,PP3,0,null,84,155454,70000
instance_n400_sd08_1,PP4,0,null,83,260,0
instance_n400_sd08_1,PP4,0,null,84,146515,70000
instance_n400_sd08_2,PP1,0,null,92,314,0
instance_n400_sd08_2,PP2,0,null,92,298,0
instance_n400_sd08_2,PP3,0,null,92,515,0
instance_n400_sd08_2,PP4,0,null,92,276,0
instance_n400_sd08_3,PP1,0,null,97,314,0
instance_n400_sd08_3,PP2,0,null,97,362,0
instance_n400_sd08_3,PP3,0,null,97,320,0
instance_n400_sd08_3,PP4,0,null,97,251,0
instance_n400_sd08_4,PP1,0,null,87,339,0
instance_n400_sd08_4,PP2,0,null,87,224,0
instance_n400_sd08_4,PP3,0,null,87,448,0
instance_n400_sd08_4,PP4,0,null,87,284,0
instance_n400_sd10_0,PP1,0,null,91,251,0
instance_n400_sd10_0,PP1,0,null,92,261,2
instance_n400_sd10_0,PP1,0,null,93,270,5
instance_n400_sd10_0,PP1,0,null,95,51125,30000
instance_n400_sd10_0,PP2,0,null,91,392,0
instance_n400_sd10_0,PP2,0,null,92,415,2
instance_n400_sd10_0,PP2,0,null,93,438,5
instance_n400_sd10_0,PP2,0,null,95,48800,30000
instance_n400_sd10_0,PP3,0,null,91,292,0
instance_n400_sd10_0,PP3,0,null,92,304,2
instance_n400_sd10_0,PP3,0,null,93,316,5
instance_n400_sd10_0,PP3,0,null,95,52881,30000
instance_n400_sd10_0,PP4,0,null,91,240,0
instance_n400_sd10_0,PP4,0,null,92,250,2
instance_n400_sd10_0,PP4,0,null,93,260,5
instance_n400_sd10_0,PP4,0,null,95,48976,30000
instance_n400_sd10_1,PP1,0,null,114,475,0
instance_n400_sd10_1,PP1,0,null,115,98704,30046
instance_n400_sd10_1,PP1,0,null,116,98710,30047
instance_n400_sd10_1,PP2,0,null,114,415,0
instance_n400_sd10_1,PP2,0,null,115,104105,30046
instance_n400_sd10_1,PP2,0,null,116,104110,30047
instance_n400_sd10_1,PP3,0,null,114,311,0
instance_n400_sd10_1,PP3,0,null,115,102274,30046
instance_n400_sd10_1,PP3,0,null,116,102282,30047
instance_n400_sd10_1,PP4,0,null,114,451,0
instance_n400_sd10_1,PP4,0,null,115,100038,30046
instance_n400_sd10_1,PP4,0,null,116,100044,30047
instance_n400_sd10_2,PP1,0,null,106,515,0
instance_n400_sd10_2,PP2,0,null,106,269,0
instance_n400_sd10_2,PP3,0,null,106,261,0
instance_n400_sd10_2,PP4,0,null,106,352,0
instance_n400_sd10_3,PP1,0,null,112,365,0
instance_n400_sd10_3,PP2,0,null,112,339,0
instance_n400_sd10_3,PP3,0,null,112,548,0
instance_n400_sd10_3,PP4,0,null,112,281,0
instance_n400_sd10_4,PP1,0,null,112,312,0
instance_n400_sd10_4,PP2,0,null,112,621,0
instance_n400_sd10_4,PP3,0,null,112,280,0
instance_n400_sd10_4,PP4,0,null,112,514,0
instance_n500_sd02_0,PP1,0,null,22,310,0
instance_n500_sd02_0,PP2,0,null,22,161,0
instance_n500_sd02_0,PP3,0,null,22,295,0
instance_n500_sd02_0,PP4,0,null,22,149,0
instance_n500_sd02_1,PP1,0,null,23,150,0
instance_n500_sd02_1,PP2,0,null,23,147,0
instance_n500_sd02_1,PP3,0,null,23,341,0
instance_n500_sd02_1,PP4,0,null,23,330,0
instance_n500_sd02_2,PP1,0,null,21,178,0
instance_n500_sd02_2,PP2,0,null,21,269,0
instance_n500_sd02_2,PP3,0,null,21,171,0
instance_n500_sd02_2,PP4,0,null,21,189,0
instance_n500_sd02_3,PP1,0,null,24,238,0
instance_n500_sd02_3,PP2,0,null,24,248,0
instance_n500_sd02_3,PP3,0,null,24,244,0
instance_n500_sd02_3,PP4,0,null,24,267,0
instance_n500_sd02_4,PP1,0,null,24,151,0
instance_n500_sd02_4,PP2,0,null,24,227,0
instance_n500_sd02_4,PP3,0,null,24,165,0
instance_n500_sd02_4,PP4,0,null,24,152,0
instance_n500_sd04_0,PP1,0,null,45,418,0
instance_n500_sd04_0,PP2,0,null,45,279,0
instance_n500_sd04_0,PP3,0,null,45,241,0
instance_n500_sd04_0,PP4,0,null,45,372,0
instance_n500_sd04_1,PP1,0,null,47,255,0
instance_n500_sd04_1,PP2,0,null,47,230,0
instance_n500_sd04_1,PP3,0,null,47,234,0
instance_n500_sd04_1,PP4,0,null,47,254,0
instance_n500_sd04_2,PP1,0,null,43,258,0
instance_n500_sd04_2,PP2,0,null,43,255,0
instance_n500_sd04_2,PP3,0,null,43,215,0
instance_n500_sd04_2,PP4,0,null,43,291,0
instance_n500_sd04_3,PP1,0,null,45,269,0
instance_n500_sd04_3,PP2,0,null,45,212,0
instance_n500_sd04_3,PP3,0,null,45,234,0
instance_n500_sd04_3,PP4,0,null,45,246,0
instance_n500_sd04_4,PP1,0,null,44,235,0
instance_n500_sd04_4,PP2,0,null,44,206,0
instance_n500_sd04_4,PP3,0,null,44,238,0
instance_n500_sd04_4,PP4,0,null,44,209,0
instance_n500_sd06_0,PP1,0,null,67,307,0
instance_n500_sd06_0,PP2,0,null,67,319,0
instance_n500_sd06_0,PP3,0,null,67,291,0
instance_n500_sd06_0,PP4,0,null,67,323,0
instance_n500_sd06_1,PP2,0,null,68,271,0
instance_n500_sd06_1,PP1,0,null,68,308,0
instance_n500_sd06_1,PP3,0,null,68,302,0
instance_n500_sd06_1,PP4,0,null,68,355,0
instance_n500_sd06_2,PP1,0,null,71,296,0
instance_n500_sd06_2,PP2,0,null,71,320,0
instance_n500_sd06_2,PP3,0,null,71,297,0
instance_n500_sd06_2,PP4,0,null,71,377,0
instance_n500_sd06_3,PP1,0,null,62,312,0
instance_n500_sd06_3,PP1,0,null,63,380,22
instance_n500_sd06_3,PP1,0,null,64,392,23
instance_n500_sd06_3,PP1,0,null,65,402,24
instance_n500_sd06_3,PP2,0,null,62,333,0
instance_n500_sd06_3,PP2,0,null,63,398,22
instance_n500_sd06_3,PP2,0,null,64,405,23
instance_n500_sd06_3,PP2,0,null,65,413,24
instance_n500_sd06_3,PP3,0,null,62,270,0
instance_n500_sd06_3,PP3,0,null,63,330,22
instance_n500_sd06_3,PP3,0,null,64,337,23
instance_n500_sd06_3,PP3,0,null,65,343,24
instance_n500_sd06_3,PP4,0,null,62,576,0
instance_n500_sd06_3,PP4,0,null,63,762,22
instance_n500_sd06_3,PP4,0,null,64,769,23
instance_n500_sd06_3,PP4,0,null,65,777,24
instance_n500_sd06_4,PP1,0,null,68,288,0
instance_n500_sd06_4,PP2,0,null,68,313,0
instance_n500_sd06_4,PP3,0,null,68,410,0
instance_n500_sd06_4,PP4,0,null,68,346,0
instance_n500_sd08_0,PP1,0,null,83,394,0
instance_n500_sd08_0,PP1,0,null,85,31987,20000
instance_n500_sd08_0,PP1,0,null,86,126165,50000
instance_n500_sd08_0,PP1,0,null,88,230640,80000
instance_n500_sd08_0,PP2,0,null,83,329,0
instance_n500_sd08_0,PP2,0,null,85,30545,20000
instance_n500_sd08_0,PP2,0,null,86,125671,50000
instance_n500_sd08_0,PP2,0,null,88,229348,80000
instance_n500_sd08_0,PP3,0,null,83,343,0
instance_n500_sd08_0,PP3,0,null,85,32001,20000
instance_n500_sd08_0,PP3,0,null,86,128870,50000
instance_n500_sd08_0,PP3,0,null,88,229177,80000
instance_n500_sd08_0,PP4,0,null,83,472,0
instance_n500_sd08_0,PP4,0,null,85,30351,20000
instance_n500_sd08_0,PP4,0,null,86,127600,50000
instance_n500_sd08_0,PP4,0,null,88,229163,80000
instance_n500_sd08_1,PP1,0,null,89,381,0
instance_n500_sd08_1,PP2,0,null,89,389,0
instance_n500_sd08_1,PP3,0,null,89,359,0
instance_n500_sd08_1,PP4,0,null,89,494,0
instance_n500_sd08_2,PP1,0,null,83,370,0
instance_n500_sd08_2,PP2,0,null,83,338,0
instance_n500_sd08_2,PP3,0,null,83,321,0
instance_n500_sd08_2,PP4,0,null,83,434,0
instance_n500_sd08_3,PP1,0,null,90,356,0
instance_n500_sd08_3,PP2,0,null,90,384,0
instance_n500_sd08_3,PP3,0,null,90,673,0
instance_n500_sd08_3,PP4,0,null,90,377,0
instance_n500_sd08_4,PP1,0,null,89,517,0
instance_n500_sd08_4,PP1,0,null,90,33071,20000
instance_n500_sd08_4,PP2,0,null,89,465,0
instance_n500_sd08_4,PP2,0,null,90,33134,20000
instance_n500_sd08_4,PP3,0,null,89,388,0
instance_n500_sd08_4,PP3,0,null,90,33074,20000
instance_n500_sd08_4,PP4,0,null,89,404,0
instance_n500_sd08_4,PP4,0,null,90,33784,20000
instance_n500_sd10_0,PP1,0,null,95,399,0
instance_n500_sd10_0,PP2,0,null,95,468,0
instance_n500_sd10_0,PP3,0,null,95,392,0
instance_n500_sd10_0,PP4,0,null,95,507,0
instance_n500_sd10_1,PP1,0,null,110,624,0
instance_n500_sd10_1,PP2,0,null,110,486,0
instance_n500_sd10_1,PP3,0,null,110,438,0
instance_n500_sd10_1,PP4,0,null,110,409,0
instance_n500_sd10_2,PP1,0,null,104,463,0
instance_n500_sd10_2,PP1,0,null,106,36956,20000
instance_n500_sd10_2,PP1,0,null,109,73467,30000
instance_n500_sd10_2,PP1,0,null,110,107554,40000
instance_n500_sd10_2,PP2,0,null,104,424,0
instance_n500_sd10_2,PP2,0,null,106,35897,20000
instance_n500_sd10_2,PP2,0,null,109,73185,30000
instance_n500_sd10_2,PP2,0,null,110,109366,40000
instance_n500_sd10_2,PP3,0,null,104,618,0
instance_n500_sd10_2,PP3,0,null,106,35348,20000
instance_n500_sd10_2,PP3,0,null,109,72206,30000
instance_n500_sd10_2,PP3,0,null,110,107760,40000
instance_n500_sd10_2,PP4,0,null,104,457,0
instance_n500_sd10_2,PP4,0,null,106,35317,20000
instance_n500_sd10_2,PP4,0,null,109,72162,30000
instance_n500_sd10_2,PP4,0,null,110,107591,40000
instance_n500_sd10_3,PP1,0,null,105,476,0
instance_n500_sd10_3,PP1,0,null,106,43119,20000
instance_n500_sd10_3,PP2,0,null,105,436,0
instance_n500_sd10_3,PP2,0,null,106,44656,20000
instance_n8_sd02_0,PP1,0,null,9,0,0
instance_n8_sd02_0,PP2,0,null,9,0,0
instance_n500_sd10_3,PP3,0,null,105,519,0
instance_n500_sd10_3,PP3,0,null,106,44340,20000
instance_n300_sd10_0,TTT1,985,64,107,198,0
instance_n300_sd10_0,TTT1,588,64,107,158,0
instance_n300_sd10_0,TTT1,847,64,107,158,0
instance_n8_sd02_0,PP3,0,null,9,0,0
instance_n8_sd02_0,PP4,0,null,9,0,0
instance_n300_sd10_0,TTT1,313,64,110,162,0
instance_n300_sd10_0,TTT1,254,64,110,186,0
instance_n300_sd10_0,TTT1,904,64,110,169,0
instance_n300_sd10_0,TTT1,434,64,108,160,0
instance_n300_sd10_0,TTT1,978,64,107,151,0
instance_n300_sd10_0,TTT1,606,64,108,172,0
instance_n300_sd10_0,TTT1,748,64,106,159,0
instance_n300_sd10_0,TTT1,569,64,110,151,0
instance_n300_sd10_0,TTT1,473,64,107,165,0
instance_n300_sd10_0,TTT1,317,64,107,154,0
instance_n300_sd10_0,TTT1,263,64,109,192,0
instance_n300_sd10_0,TTT1,562,64,109,210,0
instance_n300_sd10_0,TTT1,234,64,110,161,0
instance_n300_sd10_0,TTT1,592,64,109,159,0
instance_n300_sd10_0,TTT1,262,64,110,175,0
instance_n300_sd10_0,TTT1,596,64,106,154,0
instance_n300_sd10_0,TTT1,189,64,107,155,0
instance_n300_sd10_0,TTT1,376,64,108,161,0
instance_n300_sd10_0,TTT1,332,64,110,158,0
instance_n300_sd10_0,TTT1,310,64,106,164,0
instance_n300_sd10_0,TTT1,99,64,110,161,0
instance_n300_sd10_0,TTT1,674,64,112,151,0
instance_n300_sd10_0,TTT1,959,64,110,162,0
instance_n300_sd10_0,TTT1,153,64,109,181,0
instance_n300_sd10_0,TTT1,298,64,110,208,0
instance_n300_sd10_0,TTT1,437,64,106,160,0
instance_n300_sd10_0,TTT1,302,64,110,151,0
instance_n300_sd10_0,TTT1,205,64,108,165,0
instance_n300_sd10_0,TTT1,854,64,109,156,0
instance_n300_sd10_0,TTT1,800,64,105,149,0
instance_n300_sd10_0,TTT1,6,64,108,167,0
instance_n300_sd10_0,TTT1,363,64,109,163,0
instance_n300_sd10_0,TTT1,955,64,111,150,0
instance_n300_sd10_0,TTT1,689,64,106,164,0
instance_n300_sd10_0,TTT1,820,64,110,160,0
instance_n500_sd10_3,PP4,0,null,105,434,0
instance_n500_sd10_3,PP4,0,null,106,43851,20000
instance_n300_sd10_0,TTT1,75,64,107,158,0
instance_n300_sd10_0,TTT1,834,64,110,186,0
instance_n300_sd10_0,TTT1,415,64,107,181,0
instance_n300_sd10_0,TTT1,660,64,109,155,0
instance_n300_sd10_0,TTT1,477,64,110,151,0
instance_n300_sd10_0,TTT1,737,64,108,144,0
instance_n300_sd10_0,TTT1,220,64,107,152,0
instance_n300_sd10_0,TTT1,592,64,109,172,0
instance_n300_sd10_0,TTT1,477,64,110,204,0
instance_n300_sd10_0,TTT1,888,64,108,148,0
instance_n300_sd10_0,TTT1,500,64,108,158,0
instance_n300_sd10_0,TTT1,357,64,110,203,0
instance_n300_sd10_0,TTT2,452,64,105,178,0
instance_n300_sd10_0,TTT2,333,64,108,183,0
instance_n300_sd10_0,TTT2,676,64,105,147,0
instance_n300_sd10_0,TTT2,536,64,110,157,0
instance_n300_sd10_0,TTT2,55,64,108,181,0
instance_n300_sd10_0,TTT2,345,64,110,171,0
instance_n300_sd10_0,TTT2,358,64,107,152,0
instance_n300_sd10_0,TTT2,229,64,109,158,0
instance_n300_sd10_0,TTT2,504,64,106,186,0
instance_n300_sd10_0,TTT2,884,64,109,186,0
instance_n300_sd10_0,TTT2,600,64,109,165,0
instance_n300_sd10_0,TTT2,151,64,105,160,0
instance_n300_sd10_0,TTT2,683,64,110,188,0
instance_n300_sd10_0,TTT2,598,64,105,159,0
instance_n300_sd10_0,TTT2,486,64,110,311,0
instance_n300_sd10_0,TTT2,996,64,110,176,0
instance_n300_sd10_0,TTT2,514,64,105,148,0
instance_n300_sd10_0,TTT2,908,64,106,177,0
instance_n300_sd10_0,TTT2,865,64,107,183,0
instance_n300_sd10_0,TTT2,528,64,107,194,0
instance_n300_sd10_0,TTT2,859,64,109,150,0
instance_n300_sd10_0,TTT2,716,64,109,155,0
instance_n300_sd10_0,TTT2,615,64,106,198,0
instance_n300_sd10_0,TTT2,58,64,107,182,0
instance_n300_sd10_0,TTT2,522,64,107,165,0
instance_n300_sd10_0,TTT2,87,64,106,155,0
instance_n300_sd10_0,TTT2,192,64,108,157,0
instance_n300_sd10_0,TTT2,731,64,110,166,0
instance_n300_sd10_0,TTT2,1,64,107,211,0
instance_n300_sd10_0,TTT2,797,64,107,163,0
instance_n300_sd10_0,TTT2,688,64,105,208,0
instance_n300_sd10_0,TTT2,562,64,109,158,0
instance_n300_sd10_0,TTT2,708,64,105,189,0
instance_n300_sd10_0,TTT2,241,64,107,178,0
instance_n300_sd10_0,TTT2,485,64,110,200,0
instance_n300_sd10_0,TTT2,69,64,107,200,0
instance_n300_sd10_0,TTT2,379,64,108,185,0
instance_n300_sd10_0,TTT2,695,64,110,181,0
instance_n300_sd10_0,TTT2,759,64,107,146,0
instance_n300_sd10_0,TTT2,810,64,105,160,0
instance_n300_sd10_0,TTT2,526,64,105,176,0
instance_n300_sd10_0,TTT2,617,64,109,180,0
instance_n300_sd10_0,TTT2,374,64,107,164,0
instance_n300_sd10_0,TTT2,620,64,110,184,0
instance_n300_sd10_0,TTT2,53,64,110,156,0
instance_n300_sd10_0,TTT2,825,64,107,157,0
instance_n300_sd10_0,TTT2,101,64,109,159,0
instance_n300_sd10_0,TTT2,601,64,108,156,0
instance_n300_sd10_0,TTT2,436,64,108,149,0
instance_n300_sd10_0,TTT2,650,64,109,157,0
instance_n300_sd10_0,TTT3,674,64,112,153,0
instance_n300_sd10_0,TTT3,232,64,107,161,0
instance_n300_sd10_0,TTT3,94,64,107,162,0
instance_n300_sd10_0,TTT3,575,64,106,154,0
instance_n300_sd10_0,TTT3,494,64,108,182,0
instance_n300_sd10_0,TTT3,508,64,111,157,0
instance_n300_sd10_0,TTT3,624,64,105,162,0
instance_n300_sd10_0,TTT3,543,64,108,155,0
instance_n300_sd10_0,TTT3,903,64,110,180,0
instance_n300_sd10_0,TTT3,547,64,108,158,0
instance_n300_sd10_0,TTT3,967,64,106,164,0
instance_n300_sd10_0,TTT3,180,64,109,156,0
instance_n300_sd10_0,TTT3,151,64,105,154,0
instance_n300_sd10_0,TTT3,833,64,107,153,0
instance_n300_sd10_0,TTT3,857,64,108,155,0
instance_n300_sd10_0,TTT3,366,64,110,158,0
instance_n300_sd10_0,TTT3,377,64,110,154,0
instance_n300_sd10_0,TTT3,745,64,108,147,0
instance_n300_sd10_0,TTT3,450,64,112,152,0
instance_n300_sd10_0,TTT3,569,64,110,148,0
instance_n300_sd10_0,TTT3,8,64,108,150,0
instance_n300_sd10_0,TTT3,203,64,107,184,0
instance_n300_sd10_0,TTT3,490,64,108,192,0
instance_n300_sd10_0,TTT3,76,64,107,183,0
instance_n300_sd10_0,TTT3,116,64,108,154,0
instance_n300_sd10_0,TTT3,96,64,105,146,0
instance_n300_sd10_0,TTT3,699,64,107,151,0
instance_n300_sd10_0,TTT3,621,64,108,229,0
instance_n300_sd10_0,TTT3,234,64,110,255,0
instance_n300_sd10_0,TTT3,19,64,109,154,0
instance_n300_sd10_0,TTT3,528,64,107,157,0
instance_n300_sd10_0,TTT3,271,64,109,160,0
instance_n300_sd10_0,TTT3,550,64,107,148,0
instance_n300_sd10_0,TTT3,705,64,108,146,0
instance_n300_sd10_0,TTT3,295,64,110,147,0
instance_n300_sd10_0,TTT3,856,64,109,158,0
instance_n300_sd10_0,TTT3,864,64,108,148,0
instance_n300_sd10_0,TTT3,291,64,107,154,0
instance_n300_sd10_0,TTT3,16,64,106,151,0
instance_n300_sd10_0,TTT3,436,64,108,160,0
instance_n300_sd10_0,TTT3,288,64,109,184,0
instance_n300_sd10_0,TTT3,28,64,106,178,0
instance_n300_sd10_0,TTT3,511,64,105,146,0
instance_n300_sd10_0,TTT3,863,64,110,154,0
instance_n300_sd10_0,TTT3,362,64,109,198,0
instance_n300_sd10_0,TTT3,590,64,108,157,0
instance_n300_sd10_0,TTT3,679,64,107,147,0
instance_n300_sd10_0,TTT3,95,64,107,151,0
instance_n300_sd10_0,TTT3,892,64,108,162,0
instance_n300_sd10_0,TTT3,463,64,105,172,0
instance_n300_sd10_0,TTT4,994,64,109,151,0
instance_n300_sd10_0,TTT4,842,64,108,151,0
instance_n300_sd10_0,TTT4,823,64,110,197,0
instance_n300_sd10_0,TTT4,97,64,110,166,0
instance_n300_sd10_0,TTT4,701,64,108,143,0
instance_n300_sd10_0,TTT4,275,64,107,151,0
instance_n300_sd10_0,TTT4,157,64,112,179,0
instance_n300_sd10_0,TTT4,64,64,107,185,0
instance_n300_sd10_0,TTT4,307,64,111,229,0
instance_n300_sd10_0,TTT4,357,64,110,175,0
instance_n300_sd10_0,TTT4,156,64,107,148,0
instance_n300_sd10_0,TTT4,849,64,108,165,0
instance_n300_sd10_0,TTT4,957,64,107,151,0
instance_n300_sd10_0,TTT4,349,64,109,157,0
instance_n300_sd10_0,TTT4,283,64,108,159,0
instance_n300_sd10_0,TTT4,46,64,105,175,0
instance_n300_sd10_0,TTT4,891,64,107,205,0
instance_n300_sd10_0,TTT4,746,64,108,161,0
instance_n300_sd10_0,TTT4,888,64,108,160,0
instance_n300_sd10_0,TTT4,935,64,106,151,0
instance_n300_sd10_0,TTT4,777,64,107,156,0
instance_n300_sd10_0,TTT4,308,64,109,154,0
instance_n300_sd10_0,TTT4,742,64,110,182,0
instance_n300_sd10_0,TTT4,35,64,107,151,0
instance_n300_sd10_0,TTT4,696,64,109,156,0
instance_n300_sd10_0,TTT4,370,64,107,147,0
instance_n300_sd10_0,TTT4,229,64,109,184,0
instance_n300_sd10_0,TTT4,770,64,109,208,0
instance_n300_sd10_0,TTT4,695,64,110,187,0
instance_n300_sd10_0,TTT4,708,64,105,149,0
instance_n300_sd10_0,TTT4,440,64,106,152,0
instance_n300_sd10_0,TTT4,340,64,106,146,0
instance_n300_sd10_0,TTT4,935,64,106,148,0
instance_n300_sd10_0,TTT4,206,64,110,148,0
instance_n300_sd10_0,TTT4,998,64,110,166,0
instance_n300_sd10_0,TTT4,587,64,107,154,0
instance_n300_sd10_0,TTT4,528,64,107,155,0
instance_n300_sd10_0,TTT4,709,64,110,152,0
instance_n300_sd10_0,TTT4,691,64,110,159,0
instance_n300_sd10_0,TTT4,102,64,108,164,0
instance_n300_sd10_0,TTT4,260,64,110,157,0
instance_n300_sd10_0,TTT4,199,64,111,175,0
instance_n300_sd10_0,TTT4,38,64,111,151,0
instance_n300_sd10_0,TTT4,33,64,109,156,0
instance_n300_sd10_0,TTT4,805,64,108,151,0
instance_n300_sd10_0,TTT4,432,64,110,163,0
instance_n300_sd10_0,TTT4,181,64,109,158,0
instance_n300_sd10_0,TTT4,315,64,107,157,0
instance_n300_sd10_0,TTT4,709,64,110,153,0
instance_n300_sd10_0,TTT4,266,64,106,161,0
instance_n500_sd10_4,PP1,0,null,109,444,0
instance_n500_sd10_4,PP1,0,null,112,37192,20000
instance_n500_sd10_4,PP2,0,null,109,462,0
instance_n500_sd10_4,PP2,0,null,112,36959,20000
instance_n500_sd10_4,PP3,0,null,109,570,0
instance_n500_sd10_4,PP3,0,null,112,37505,20000
instance_n500_sd10_4,PP4,0,null,109,436,0
instance_n500_sd10_4,PP4,0,null,112,40203,20000
